Numero de Serie,Estado
BAT1,Disponible
BAT2,Disponible
BAT3,Disponible
BAT4,Disponible
BAT5,Disponible
BAT6,Disponible
BAT7,Disponible
BAT8,Disponible
BAT9,Disponible
BAT10,Disponible
BAT11,Disponible
BAT12,Disponible
BAT13,Disponible
BAT14,Disponible
BAT15,Disponible
BAT16,Disponible
BAT17,Disponible
BAT18,Disponible
BAT19,Disponible
BAT20,Disponible
BAT21,Disponible
BAT22,Disponible
BAT23,Disponible
BAT24,Disponible
BAT25,Disponible
BAT26,Disponible
BAT27,Disponible
BAT28,Disponible
BAT29,Disponible
BAT30,Disponible
BAT31,Disponible
BAT32,Disponible
BAT33,Disponible
BAT34,Disponible
BAT35,Disponible
BAT36,Disponible
BAT37,Disponible
BAT38,Disponible
BAT39,Disponible
BAT40,Disponible
BAT41,Disponible
BAT42,Disponible
BAT43,Disponible
BAT44,Disponible
BAT45,Disponible
BAT46,Disponible
BAT47,Disponible
BAT48,Disponible
BAT49,Disponible
BAT50,Disponible
BAT51,Disponible
BAT52,Disponible
BAT53,Disponible
BAT54,Disponible
BAT55,Disponible
BAT56,Disponible
BAT57,Disponible
BAT58,Disponible
BAT59,Disponible
BAT60,Disponible
BAT61,Disponible
BAT62,Disponible
BAT63,Disponible
BAT64,Disponible
BAT65,Disponible
BAT66,Disponible
BAT67,Disponible
BAT68,Disponible
BAT69,Disponible
BAT70,Disponible
BAT71,Disponible
BAT72,Disponible
BAT73,Disponible
BAT74,Disponible
BAT75,Disponible
BAT76,Disponible
BAT77,Disponible
BAT78,Disponible
BAT79,Disponible
BAT80,Disponible
BAT81,Disponible
BAT82,Disponible
BAT83,Disponible
BAT84,Disponible
BAT85,Disponible
BAT86,Disponible
BAT87,Disponible
BAT88,Disponible
BAT89,Disponible
BAT90,Disponible
BAT91,Disponible
BAT92,Disponible
BAT93,Disponible
BAT94,Disponible
BAT95,Disponible
BAT96,Disponible
BAT97,Disponible
BAT98,Disponible
BAT99,Disponible
BAT100,Disponible
BAT101,Disponible
BAT102,Disponible
BAT103,Disponible
BAT104,Disponible
BAT105,Disponible
BAT106,Disponible
BAT107,Disponible
BAT108,Disponible
BAT109,Disponible
BAT110,Disponible
BAT111,Disponible
BAT112,Disponible
BAT113,Disponible
BAT114,Disponible
BAT115,Disponible
BAT116,Disponible
BAT117,Disponible
BAT118,Disponible
BAT119,Disponible
BAT120,Disponible
BAT121,Disponible
BAT122,Disponible
BAT123,Disponible
BAT124,Disponible
BAT125,Disponible
BAT126,Disponible
BAT127,Disponible
BAT128,Disponible
BAT129,Disponible
BAT130,Disponible
BAT131,Disponible
BAT132,Disponible
BAT133,Disponible
BAT134,Disponible
BAT135,Disponible
BAT136,Disponible
BAT137,Disponible
BAT138,Disponible
BAT139,Disponible
BAT140,Disponible
BAT141,Disponible
BAT142,Disponible
BAT143,Disponible
BAT144,Disponible
BAT145,Disponible
BAT146,Disponible
BAT147,Disponible
BAT148,Disponible
BAT149,Disponible
BAT150,Disponible
BAT151,Disponible
BAT152,Disponible
BAT153,Disponible
BAT154,Disponible
BAT155,Disponible
BAT156,Disponible
BAT157,Disponible
BAT158,Disponible
BAT159,Disponible
BAT160,Disponible
BAT161,Disponible
BAT162,Disponible
BAT163,Disponible
BAT164,Disponible
BAT165,Disponible
BAT166,Disponible
BAT167,Disponible
BAT168,Disponible
BAT169,Disponible
BAT170,Disponible
BAT171,Disponible
BAT172,Disponible
BAT173,Disponible
BAT174,Disponible
BAT175,Disponible
BAT176,Disponible
BAT177,Disponible
BAT178,Disponible
BAT179,Disponible
BAT180,Disponible
BAT181,Disponible
BAT182,Disponible
BAT183,Disponible
BAT184,Disponible
BAT185,Disponible
BAT186,Disponible
BAT187,Disponible
BAT188,Disponible
BAT189,Disponible
BAT190,Disponible
BAT191,Disponible
BAT192,Disponible
BAT193,Disponible
BAT194,Disponible
BAT195,Disponible
BAT196,Disponible
BAT197,Disponible
BAT198,Disponible
BAT199,Disponible
BAT200,Disponible
BAT201,Disponible
BAT202,Disponible
BAT203,Disponible
BAT204,Disponible
BAT205,Disponible
BAT206,Disponible
BAT207,Disponible
BAT208,Disponible
BAT209,Disponible
BAT210,Disponible
BAT211,Disponible
BAT212,Disponible
BAT213,Disponible
BAT214,Disponible
BAT215,Disponible
BAT216,Disponible
BAT217,Disponible
BAT218,Disponible
BAT219,Disponible
BAT220,Disponible
BAT221,Disponible
BAT222,Disponible
BAT223,Disponible
BAT224,Disponible
BAT225,Disponible
BAT226,Disponible
BAT227,Disponible
BAT228,Disponible
BAT229,Disponible
BAT230,Disponible
BAT231,Disponible
BAT232,Disponible
BAT233,Disponible
BAT234,Disponible
BAT235,Disponible
BAT236,Disponible
BAT237,Disponible
BAT238,Disponible
BAT239,Disponible
BAT240,Disponible
BAT241,Disponible
BAT242,Disponible
BAT243,Disponible
BAT244,Disponible
BAT245,Disponible
BAT246,Disponible
BAT247,Disponible
BAT248,Disponible
BAT249,Disponible
BAT250,Disponible
BAT251,Disponible
BAT252,Disponible
BAT253,Disponible
BAT254,Disponible
BAT255,Disponible
BAT256,Disponible
BAT257,Disponible
BAT258,Disponible
BAT259,Disponible
BAT260,Disponible
BAT261,Disponible
BAT262,Disponible
BAT263,Disponible
BAT264,Disponible
BAT265,Disponible
BAT266,Disponible
BAT267,Disponible
BAT268,Disponible
BAT269,Disponible